id;title;last_posted_at;views;posts_count;user_id;last_post_user_id;reply_count;featured_user_1_id;featured_user_2_id;featured_user_3_id;deleted_at;highest_post_number;like_count;incoming_link_count;category_id;visible;moderator_posts_count;closed;archived;bumped_at;has_summary;archetype;featured_user_4_id;notify_moderators_count;spam_count;pinned_at;score;percent_rank;subtype;slug;deleted_by_id;participant_count;word_count;excerpt;pinned_globally;pinned_until;fancy_title;highest_staff_post_number;featured_link;reviewable_score;image_upload_id;slow_mode_seconds
1;Human;2021-05-23T20:57:44;97153;34380;Savings Account Customer reboot;55945;64870;Wooden Home Loan Account;Lights Tennessee;world-class leading-edge;2021-05-24T07:19:41;53310;94879;88201;47252;true;37207;false;true;2021-05-24T01:43:53;false;product;cross-platform orchestrate Lilangeni;40181;48895;2021-05-24T10:49:48;18584;63507;modular;Credit Card Account portal;Metal India firewall;48104;30947;generate Borders;false;2021-05-24T08:08:29;back-end;24189;interfaces solid state programming;27318;69739;27390
2;withdrawal;2021-05-24T05:43:40;99088;57770;Handcrafted Cotton Towels ADP;47439;68519;Facilitator Knolls;Cambridgeshire Uruguay Direct;Stand-alone;2021-05-24T05:06:46;82212;12625;82841;96902;true;13275;false;true;2021-05-23T16:22:54;true;Borders;Handmade white Handcrafted;3698;42883;2021-05-24T11:38:43;50086;75836;heuristic;Future;hierarchy Massachusetts navigating;88615;87432;portal Cotton sticky;true;2021-05-24T12:18:05;Australia Virgin Islands, British SMTP;92878;payment;87757;16294;77713
3;Investor haptic;2021-05-24T00:54:01;46439;23524;Gloves Sausages quantifying;80439;25557;Assurance Plastic Human;Fundamental;Auto Loan Account;2021-05-23T20:51:26;11477;9602;47188;81080;false;82324;true;false;2021-05-23T17:37:31;false;hack;Web;18759;46998;2021-05-24T07:04:14;14703;37921;invoice transmitting;Fish;Sleek;28640;17184;capacitor Lead;false;2021-05-24T08:47:19;orange;26713;feed;29984;28428;72733
4;coherent panel;2021-05-23T21:29:05;88734;65282;card transmitting Tasty Cotton Computer;26739;24088;rich Handmade Cotton Gloves Afghanistan;Integration Ergonomic;El Salvador;2021-05-23T20:19:39;82264;26870;1603;14349;false;96465;true;false;2021-05-24T01:13:39;false;Som;Frozen pricing structure;33962;51070;2021-05-24T02:32:08;63111;68911;aggregate generate;firewall;functionalities alarm;19074;69415;Manor Personal Loan Account;false;2021-05-23T14:04:45;channels;84404;Massachusetts Regional;55279;57525;12160
5;explicit;2021-05-23T20:35:27;23924;53774;Qatari Rial contingency evolve;66212;4606;multi-state;Plastic;Division help-desk Bedfordshire;2021-05-23T16:03:10;3520;53507;50799;97924;false;89090;true;false;2021-05-23T23:48:34;true;Handcrafted Cotton Sausages parsing;Berkshire extensible;25294;93886;2021-05-24T11:53:11;58515;87078;relationships;JSON Home Loan Account;Missouri AGP Mauritius Rupee;97189;87925;card Compatible e-business;false;2021-05-24T07:21:29;Borders;8989;Utah;46676;86528;23950
6;Avon Rial Omani;2021-05-24T00:03:23;5161;48086;open architecture;94350;33463;definition;Checking Account Kids Chips;Clothing;2021-05-23T20:48:03;84494;45446;35089;93515;true;37197;true;true;2021-05-24T03:58:20;true;Buckinghamshire;Louisiana Outdoors;34463;33674;2021-05-24T07:17:26;8786;53001;copy;bypass Assistant;Checking Account Buckinghamshire;83917;39394;relationships Arizona;false;2021-05-24T02:00:55;Outdoors Accounts;39217;global Road orange;49275;57852;99609
7;New Leu;2021-05-23T22:19:23;36920;49331;Savings Account mindshare Berkshire;24535;55644;Accountability Dynamic;Movies solid state;Markets;2021-05-23T14:48:16;38746;39893;10772;82326;false;37887;true;true;2021-05-24T09:26:07;true;Russian Ruble;Handmade Steel Towels Awesome Cotton Ball;13472;98570;2021-05-23T23:52:00;27253;84496;quantifying;ivory Avon Cambridgeshire;solid state;46823;4618;uniform Checking Account Quality;false;2021-05-24T01:25:16;bandwidth;26736;Music function;64568;64787;84445
8;Metal Games Rupiah;2021-05-24T01:14:07;28646;69985;Switchable orchid Tasty;98787;48439;Virginia front-end superstructure;Analyst;bricks-and-clicks connecting;2021-05-23T20:26:42;4423;33922;18544;36591;true;57308;false;false;2021-05-24T02:46:21;false;Engineer Legacy Wallis and Futuna;magenta Tuna Fall;20451;53203;2021-05-23T19:45:48;15432;95944;withdrawal;Credit Card Account Guadeloupe Alaska;gold;3269;43051;redundant;true;2021-05-24T08:06:41;SAS input;34430;Sleek;87899;9620;1697
9;Soft panel;2021-05-23T14:52:59;35503;99885;redundant payment sky blue;27564;79494;Avon clicks-and-mortar;JSON Engineer;turn-key calculate Money Market Account;2021-05-24T03:10:09;20182;95337;93965;20414;true;78967;true;false;2021-05-23T16:06:53;false;Centers orchestration Group;Operations back-end Granite;15108;53244;2021-05-24T05:29:43;78111;79504;XML;generating Virginia;Supervisor;30795;87979;Central Svalbard & Jan Mayen Islands;true;2021-05-24T02:40:36;Directives one-to-one;63942;Flat violet Plastic;48764;16635;32461
10;EXE 1080p;2021-05-24T07:46:01;61142;29348;Tenge Checking Account;62171;82477;Assistant;Tactics transmit;Mauritius Rupee Metical;2021-05-23T15:47:21;50762;1379;12108;77598;true;74326;false;true;2021-05-23T15:03:23;false;Associate;matrix Open-source Ergonomic;58212;52108;2021-05-24T01:54:21;3761;3020;Architect;invoice;Shoes;72701;76778;Keyboard;true;2021-05-24T00:40:37;Tools Tasty;33047;real-time policy;69871;17639;76238
