id;payload_url;content_type;last_delivery_status;status;secret;wildcard_web_hook;verify_certificate;active
1;indexing International;1122;81744;95611;1080p;false;true;true
2;real-time auxiliary;58958;88653;6901;invoice;true;true;true
3;Sleek;16847;22679;75945;Plastic Global;false;true;false
4;Generic black;40308;62028;34483;tangible Village Metrics;false;true;false
5;Florida Automated;70724;30394;75470;Palestinian Territory District Sao Tome and Principe;true;true;false
6;Bahamas Credit Card Account infrastructures;34393;54241;73131;deliverables modular;false;true;false
7;Course National;47669;48540;14634;Bacon connect transform;false;false;true
8;PNG Investment Account;17419;55572;3131;Persistent;false;false;false
9;exuding;40599;31730;80665;scalable;false;true;true
10;synthesizing invoice fuchsia;95333;58785;88969;Executive;false;true;false
